customer_id,age,income_inr,visits_per_month,avg_basket_inr,tenure_months,is_premium,churn
1,56,1226456,6,2161,57,0,1
2,69,791917,4,2230,19,1,0
3,46,1007038,7,1240,63,1,0
4,32,1052473,4,1667,31,0,0
5,60,675785,7,1582,10,0,0
6,25,896961,3,100,67,0,0
7,38,964676,4,662,62,0,0
8,56,572710,7,2065,3,0,0
9,36,1210524,8,1000,18,0,0
10,40,790296,2,1817,25,0,0
11,28,821758,9,1657,20,0,0
12,28,563164,6,2229,58,0,0
13,41,605143,4,681,50,0,0
14,53,250871,7,1736,10,0,0
15,57,813788,2,1460,21,0,0
16,41,1426422,2,1026,29,0,0
17,20,545345,3,1021,10,0,0
18,39,1544049,5,1636,13,0,0
19,19,1153562,7,1877,47,1,0
20,41,681602,4,1538,23,0,0
21,61,806816,4,1556,50,0,0
22,47,766224,5,1200,4,0,0
23,55,1226540,5,1240,67,0,0
24,19,929253,4,1024,53,1,0
25,38,1095493,5,1188,2,1,0
26,50,889542,6,1856,68,0,0
27,29,772006,5,1923,65,0,0
28,39,881605,7,734,57,0,0
29,61,698263,8,962,70,0,0
30,42,436948,4,1073,7,0,0
31,66,1003422,5,1461,19,0,0
32,44,424708,6,490,44,0,0
33,59,732791,9,972,63,0,0
34,45,690033,6,668,65,1,0
35,33,960838,0,1740,39,0,0
36,32,1191176,4,1482,26,0,0
37,64,1101242,2,1222,44,0,0
38,68,968106,6,862,12,0,0
39,61,642532,9,1231,22,1,0
40,69,754132,0,1161,14,0,1
41,20,717681,3,2480,30,1,0
42,54,682429,0,2098,44,0,0
43,68,699387,8,1085,38,1,0
44,24,692715,2,1599,59,1,0
45,38,681643,4,2066,42,0,0
46,26,1037970,4,1085,52,0,0
47,56,536340,5,649,63,1,0
48,35,617631,4,421,61,0,0
49,21,404148,3,2263,34,0,0
50,42,1153870,2,1385,39,0,0
51,31,600874,8,1674,41,0,0
52,67,965193,4,1155,37,0,0
53,26,918829,5,739,65,0,0
54,43,1129709,5,851,32,0,0
55,19,747495,7,695,8,0,0
56,37,563115,5,2009,18,1,0
57,45,411062,8,2395,45,0,0
58,64,150000,5,1522,33,1,0
59,24,840338,4,589,5,1,0
60,61,993868,6,1797,36,1,0
61,25,917922,5,2258,23,1,0
62,64,417558,1,2083,40,1,0
63,52,1059706,7,1482,5,1,0
64,31,625445,4,1359,34,0,0
65,34,573274,4,1477,24,0,0
66,53,619841,4,2235,17,1,0
67,67,819602,6,1956,71,0,0
68,57,428824,6,1268,22,1,0
69,21,790741,4,1253,15,1,0
70,19,907362,5,1210,15,0,0
71,23,1076830,4,861,25,1,0
72,59,843989,4,2311,53,0,0
73,21,465092,8,1027,21,0,0
74,46,837222,4,1794,66,0,0
75,35,534935,7,1103,32,0,0
76,43,520513,7,1213,21,0,0
77,61,459324,9,1431,68,0,0
78,51,322186,6,1827,44,0,0
79,27,658209,5,1344,66,1,0
80,53,1082222,10,816,14,0,0
81,31,1364121,8,1511,15,0,0
82,48,656603,5,1039,20,0,0
83,65,1071526,6,2426,34,1,0
84,32,701354,1,1344,36,1,0
85,25,387316,10,1099,9,0,1
86,31,975235,10,2684,71,0,0
87,40,858703,3,1943,30,1,0
88,57,1254504,6,961,63,0,0
89,38,416330,8,1025,35,0,0
90,33,1499008,1,1784,13,0,0
91,62,1197929,7,1526,46,0,0
92,35,795519,6,2034,56,1,0
93,64,725340,5,1102,9,0,1
94,41,621047,5,1920,36,0,0
95,43,827433,8,157,3,0,0
96,42,754015,2,1407,19,1,0
97,62,928448,5,1129,28,1,0
98,58,726408,5,1226,23,1,0
99,46,1153740,3,1438,7,0,0
100,32,831261,5,2183,14,0,0
101,62,735795,4,807,46,1,0
102,18,1056071,3,187,15,0,0
103,42,394369,8,877,67,1,0
104,24,885247,4,2113,15,0,0
105,26,806392,4,513,51,0,0
106,41,447287,2,1156,8,0,0
107,18,372874,5,2003,69,1,0
108,61,1052586,6,1464,62,1,0
109,25,1040697,4,2177,51,0,0
110,41,843139,4,279,63,0,0
111,28,1229164,1,1307,68,1,0
112,68,910242,3,2302,16,0,0
113,34,1112451,5,823,24,1,0
114,25,905081,4,2120,6,0,0
115,52,731047,5,1358,57,0,0
116,52,535617,7,1760,31,0,0
117,50,649140,8,2258,6,0,0
118,22,735719,4,1757,29,0,0
119,59,1140788,6,1145,67,0,0
120,56,992479,2,1837,3,0,0
121,58,882579,7,1102,28,0,0
122,45,1017502,3,1664,48,0,0
123,24,931845,9,748,10,1,0
124,26,865484,3,1517,33,0,0
125,25,425335,5,2213,67,0,0
126,29,1084789,3,1320,69,0,0
127,51,685372,7,2156,12,0,0
128,50,1072135,3,3356,57,1,0
129,65,1096302,6,1482,44,0,0
130,40,632490,6,1868,13,1,0
131,41,1037429,3,1786,24,0,0
132,54,709753,2,1635,44,0,0
133,52,711241,4,1972,57,0,0
134,61,864368,8,1351,16,1,0
135,57,871118,5,1102,21,1,0
136,39,809637,10,584,51,0,0
137,44,466427,4,1294,21,1,0
138,52,769638,1,2040,60,0,0
139,18,1369619,4,936,51,1,0
140,52,150000,7,1648,21,0,0
141,54,1017435,7,1426,6,0,0
142,64,1064281,6,1127,65,0,0
143,31,460413,7,388,58,1,0
144,20,682640,7,2317,6,1,0
145,18,549820,2,1810,65,1,0
146,22,1263491,2,3099,34,1,0
147,43,1075756,9,2147,56,0,0
148,31,1087856,1,2304,3,1,0
149,56,830161,5,450,42,1,0
150,44,1128022,7,439,62,0,0
151,26,797940,3,1525,6,0,0
152,32,1139789,8,811,6,0,0
153,32,762825,6,1091,63,1,0
154,43,630189,7,3015,20,1,0
155,59,1252737,5,2213,21,1,0
156,30,794787,3,938,2,1,0
157,68,575300,9,100,56,1,0
158,49,572591,5,888,10,1,0
159,56,573355,8,1165,70,1,0
160,66,1011110,12,1307,23,0,0
161,69,775284,5,732,30,0,0
162,49,1374489,6,2177,37,0,0
163,21,1096544,2,1073,55,1,0
164,47,864284,2,1889,49,0,0
165,54,1150974,8,1532,34,0,0
166,40,676123,3,2063,44,0,0
167,56,336303,5,1357,22,0,0
168,62,552604,3,945,31,0,0
169,32,836801,5,1140,7,0,0
170,60,744364,3,1149,21,0,0
171,46,1006103,4,2738,16,0,0
172,53,768846,5,1545,20,0,0
173,30,987008,6,1502,43,0,0
174,49,1175242,6,2029,44,0,0
175,24,768076,8,1499,47,0,0
176,68,938786,7,2173,19,0,0
177,39,361303,6,1276,48,0,0
178,45,769026,8,1215,69,1,0
179,19,492010,9,911,11,0,0
180,59,836306,6,2610,29,0,0
181,62,858999,7,1458,45,0,0
182,23,858169,8,795,68,0,0
183,45,679969,2,1618,36,0,0
184,45,1374617,3,1109,48,0,0
185,61,482994,2,1266,15,0,0
186,61,467713,4,1686,44,0,0
187,37,1213744,7,2412,67,0,0
188,47,623930,7,1560,40,1,0
189,28,563827,9,1073,14,0,0
190,45,1375727,6,1197,63,1,0
191,42,1046430,2,1893,51,0,0
192,56,651383,4,324,58,0,0
193,50,854376,9,874,15,0,0
194,18,1286467,3,1627,65,1,0
195,44,972905,3,475,55,0,0
196,69,1121537,9,1312,10,0,0
197,30,1001200,3,1213,42,0,0
198,58,1032563,7,2026,11,0,0
199,20,809935,7,1349,16,1,0
200,56,802837,3,2212,19,0,0
201,23,866762,4,1547,31,0,0
202,25,983613,1,2565,53,0,0
203,44,729171,3,667,8,0,0
204,26,830513,5,2470,24,0,0
205,54,722413,5,1253,8,0,0
206,50,828921,6,2384,48,0,0
207,68,487250,1,2211,30,1,0
208,59,1451494,6,100,58,0,0
209,61,616764,6,1787,55,1,0
210,41,709634,1,2098,62,0,0
211,32,595183,3,2297,48,0,0
212,49,953927,6,794,4,0,0
213,49,750999,8,1854,37,1,0
214,41,559048,8,1617,8,0,0
215,58,964220,8,1758,1,0,0
216,69,997912,8,2099,70,0,0
217,66,783280,2,2194,47,1,0
218,66,634093,6,1106,5,0,0
219,69,1347766,4,1659,50,0,0
220,29,885016,8,1524,24,0,0
221,56,481482,11,1356,47,1,1
222,19,1153510,2,1413,18,1,0
223,20,586056,5,1617,28,0,0
224,66,1485469,10,1138,5,0,0
225,54,819914,4,2029,30,1,0
226,66,1053329,8,2261,1,1,0
227,34,279995,4,1007,46,0,0
228,66,478964,3,2290,69,1,0
229,19,1133464,6,1008,31,0,0
230,19,879453,7,2038,70,0,0
231,45,1310599,4,2289,56,1,0
232,40,921293,7,1443,28,0,0
233,54,836324,4,1013,16,1,0
234,49,1228393,3,1146,54,0,0
235,50,1052534,4,1717,53,0,0
236,18,750934,6,2678,12,1,0
237,36,526473,6,484,20,0,0
238,19,207096,8,1560,34,0,0
239,61,690583,7,1447,53,1,0
240,43,503416,2,1226,64,0,0
241,49,1449426,6,1451,23,0,0
242,23,637407,4,1174,27,1,0
243,49,630572,2,2245,17,0,0
244,21,419688,9,2305,48,1,0
245,28,733420,5,1552,21,1,0
246,34,633866,3,1415,50,0,0
247,55,1234432,2,1204,40,0,0
248,41,842119,6,1554,3,1,0
249,22,797783,3,2608,17,0,0
250,69,766331,6,1437,61,0,0
251,51,996543,5,996,50,0,0
252,23,686917,2,1261,6,0,0
253,39,966801,7,1952,28,0,0
254,28,1203492,6,1069,55,1,0
255,65,915018,5,1479,58,1,0
256,33,737567,8,1783,45,0,0
257,50,561635,3,1114,19,0,0
258,26,731219,5,441,29,0,0
259,23,940769,5,857,23,0,0
260,33,416868,4,984,32,1,0
261,46,1007885,3,1362,10,1,0
262,20,851903,3,1526,49,1,0
263,37,762702,5,1994,65,0,0
264,53,635146,5,763,29,0,0
265,36,680905,6,1906,59,0,0
266,43,949326,6,1277,45,0,0
267,20,767947,6,428,67,0,1
268,36,674715,6,1508,51,1,1
269,37,917140,7,2289,11,1,0
270,49,927047,2,2029,6,1,0
271,24,487706,5,1454,67,1,1
272,69,942870,3,2175,62,0,0
273,58,1425424,1,1615,5,0,0
274,50,917405,8,2088,9,0,0
275,57,375248,0,503,28,0,0
276,56,844343,4,750,38,0,0
277,35,342296,3,1937,43,1,0
278,57,1591842,3,2423,21,0,0
279,18,1358918,2,1750,62,0,1
280,28,633515,3,1201,46,0,0
281,45,238583,8,989,70,0,0
282,42,580407,6,1310,38,0,1
283,67,754752,4,2228,49,0,1
284,40,359534,6,1294,39,0,0
285,48,782744,5,2128,71,1,0
286,47,753105,1,1891,30,0,0
287,59,831288,3,2528,21,0,0
288,52,857411,3,1620,1,0,0
289,24,558595,3,1470,32,1,0
290,33,586646,9,2158,8,0,0
291,43,811398,2,938,69,1,0
292,65,642251,3,1233,30,1,0
293,69,1026873,5,491,8,1,0
294,66,808973,4,747,19,0,0
295,19,1266250,3,2654,59,0,0
296,18,1005120,3,1915,55,0,0
297,65,1075928,0,677,30,0,0
298,29,833141,2,2216,36,0,0
299,22,839340,7,1077,55,1,0
300,54,1232830,4,1884,44,1,0
301,49,705426,3,1875,27,0,0
302,26,936694,11,2498,54,0,0
303,58,733440,2,1177,48,1,0
304,52,732840,6,1055,30,0,0
305,36,507775,11,100,39,0,0
306,65,614371,3,1426,13,0,0
307,33,567932,5,1935,16,1,0
308,20,948592,6,2017,44,0,0
309,37,1060051,4,2251,71,1,0
310,41,776311,3,1673,27,0,0
311,50,857406,10,1802,45,0,0
312,41,761882,2,1540,35,0,0
313,69,597306,4,1924,28,0,0
314,28,1015565,7,939,7,0,0
315,66,963133,6,654,62,0,0
316,25,326863,7,1002,51,1,0
317,53,729222,5,1628,46,0,0
318,55,579493,7,719,20,1,0
319,57,702265,1,1120,38,1,0
320,37,632392,6,1139,61,1,0
321,52,788394,5,1969,32,1,0
322,65,717521,15,1896,26,0,0
323,42,712214,6,1542,58,0,0
324,52,1076847,3,1770,39,1,0
325,42,939294,2,1782,20,1,0
326,46,624026,5,1281,50,1,0
327,35,661113,7,1174,52,0,1
328,63,922948,3,2422,22,0,0
329,35,922604,3,100,53,0,0
330,19,649054,4,1055,66,1,0
331,52,741502,2,1377,43,0,0
332,33,1261701,3,1835,23,0,0
333,58,653362,5,2181,64,0,0
334,53,1277701,7,2614,9,0,0
335,50,1075916,5,1444,7,0,0
336,21,1231354,7,1485,41,1,0
337,50,642732,2,1717,54,1,0
338,31,757861,6,1181,65,0,0
339,38,687709,4,789,2,0,1
340,65,1081688,2,1442,4,1,0
341,37,658079,6,1947,32,0,1
342,25,982803,3,1354,2,1,0
343,24,969574,3,1748,64,0,0
344,20,787992,4,378,14,0,0
345,34,1124664,4,1511,20,0,0
346,50,826919,5,1257,49,1,0
347,65,1008521,4,734,8,0,0
348,29,676324,6,1894,63,0,0
349,68,619140,4,2607,46,0,0
350,39,982786,7,2093,21,0,0
351,39,907710,9,2132,32,0,0
352,63,860826,3,1927,8,0,0
353,47,714077,4,1887,16,0,0
354,55,1187302,3,420,40,0,0
355,55,520853,4,1423,27,0,0
356,62,507164,5,1805,18,0,0
357,68,1035541,2,1818,35,0,0
358,25,1015024,5,2263,52,0,0
359,44,888440,10,880,15,0,0
360,44,728011,5,1864,63,0,0
361,51,925605,5,860,53,0,0
362,38,1230207,7,1372,66,0,1
363,47,1428886,5,1462,31,0,1
364,50,385896,7,2017,61,0,0
365,45,695269,3,1946,64,0,0
366,64,679556,3,1572,34,1,1
367,50,1206629,6,208,55,1,0
368,22,179676,4,1766,59,0,0
369,65,928458,4,1339,3,0,0
370,36,735797,2,2335,17,1,0
371,21,1209528,2,2192,46,1,0
372,52,1175259,3,937,38,0,0
373,66,891376,4,1849,35,0,0
374,34,405069,6,1861,1,0,0
375,61,656527,4,1817,29,0,0
376,45,683902,5,1739,4,0,0
377,47,468386,4,1878,61,0,0
378,46,1088646,5,2400,17,1,0
379,63,436643,8,1169,28,0,0
380,23,1291331,4,956,50,0,0
381,52,1290705,2,1969,8,0,0
382,58,703734,2,369,34,0,1
383,54,882123,3,1892,59,0,0
384,41,781929,6,1786,18,0,0
385,46,1025456,4,100,59,0,0
386,66,1118669,3,1118,27,0,0
387,63,864499,4,2445,16,1,0
388,48,917279,3,625,10,0,0
389,52,644848,8,1627,22,0,0
390,50,909178,4,897,16,0,0
391,69,840690,8,1074,12,0,0
392,38,572051,4,2649,51,0,0
393,49,796490,4,1574,1,0,0
394,40,704204,1,1810,27,0,0
395,50,647626,3,1432,67,0,0
396,20,513377,8,590,12,1,0
397,35,815625,6,789,30,0,0
398,42,604881,6,2207,9,0,0
399,59,682222,9,1591,53,0,0
400,48,1068781,4,1037,61,1,0
401,20,958029,3,1486,54,0,0
402,57,555308,8,1896,37,0,0
403,63,887972,3,1772,65,1,0
404,41,833195,2,1038,42,0,0
405,67,1225424,2,554,49,0,0
406,49,1145786,7,1255,4,0,0
407,64,416562,5,2165,64,1,0
408,39,1015281,6,2012,51,1,0
409,40,1116299,5,1746,60,1,0
410,19,939839,9,1397,31,1,0
411,44,716146,4,1189,58,1,0
412,59,1403348,5,1408,4,0,0
413,19,962852,7,1969,22,1,0
414,43,1294136,3,2106,3,0,0
415,34,1137869,8,1342,47,0,0
416,57,916033,5,3021,38,0,0
417,50,655074,5,1555,33,0,0
418,26,793973,2,1291,48,1,0
419,60,744521,8,2385,65,0,0
420,65,496370,9,277,26,0,1
421,56,962570,3,1788,8,0,0
422,46,1191838,4,1456,50,1,0
423,59,725424,4,2368,38,0,0
424,43,1340914,4,1862,10,0,0
425,52,410604,9,1583,42,0,0
426,67,1063590,5,1897,37,0,0
427,42,1217880,6,866,26,0,0
428,41,748992,7,2080,12,0,0
429,30,753485,11,693,49,1,0
430,24,1060691,10,1715,14,0,0
431,53,926497,7,1521,46,0,0
432,62,300647,4,442,35,0,0
433,37,589156,5,1541,29,0,0
434,18,796612,4,1669,12,0,0
435,25,457575,5,1107,44,0,0
436,63,681456,6,892,66,0,0
437,33,463828,6,1795,2,1,0
438,31,707457,0,1717,59,0,0
439,29,715844,4,1636,17,0,0
440,68,887938,4,1505,10,0,0
441,40,777060,7,1160,18,0,0
442,32,925697,9,2863,22,0,1
443,45,895886,3,1321,58,0,0
444,51,1057834,3,980,53,1,0
445,19,1018445,4,1532,1,0,0
446,49,992030,3,1391,61,0,0
447,40,1576216,5,1307,31,1,0
448,39,886850,7,2624,31,0,0
449,68,1448392,2,822,66,1,0
450,42,903054,8,1522,19,0,0
451,39,779287,5,862,53,0,0
452,39,706708,6,1175,22,0,0
453,66,1177431,4,2541,23,1,0
454,69,1210125,5,1668,15,1,0
455,59,949945,9,1661,26,0,0
456,23,1083386,3,936,3,0,0
457,32,480694,4,1245,20,0,1
458,60,412805,5,2593,40,0,0
459,54,1111581,4,1799,39,0,0
460,50,768297,3,1296,18,0,0
461,25,987325,9,1764,41,0,0
462,61,620678,4,1660,70,0,0
463,61,1214247,5,996,27,0,0
464,22,414895,4,1278,15,1,0
465,56,453603,5,2852,37,1,0
466,21,1161077,5,1735,58,0,0
467,23,150000,9,558,5,1,1
468,62,894642,5,1806,7,0,0
469,49,773168,8,2281,41,1,0
470,69,616012,5,957,10,0,0
471,47,750015,2,1225,62,0,0
472,64,588119,3,2372,26,1,0
473,52,1185563,2,1520,68,0,0
474,57,1251124,5,1414,24,1,0
475,69,628565,3,698,41,1,0
476,33,868881,3,2142,65,1,0
477,30,468730,6,1386,17,0,0
478,67,1068263,6,197,24,0,0
479,59,1061752,6,556,27,0,0
480,47,726184,5,1163,7,1,0
481,36,804221,4,856,12,0,0
482,34,776558,2,950,3,0,0
483,36,395385,6,2906,10,0,0
484,45,1186501,5,1924,33,0,0
485,43,608261,4,100,46,0,0
486,54,609962,4,1311,59,0,0
487,43,762395,4,1446,52,1,0
488,40,1048887,7,613,6,0,0
489,26,652174,4,1820,2,1,0
490,29,311953,5,275,29,0,0
491,18,578250,4,2158,40,0,0
492,18,906035,3,2364,61,0,0
493,64,1347437,6,2911,68,0,0
494,51,485020,7,555,68,0,0
495,49,475874,8,677,29,1,0
496,65,421851,3,1915,62,0,0
497,42,390818,3,2209,60,0,0
498,57,1101422,6,1985,41,0,0
499,62,1173672,3,2147,65,1,0
500,18,844438,3,2326,64,0,0
501,33,683071,3,1621,63,0,0
502,56,1247785,4,1372,48,0,0
503,22,843477,4,679,20,1,0
504,39,1072359,1,1321,37,0,0
505,46,670887,5,1413,64,0,0
506,20,811060,10,930,5,0,0
507,29,490664,4,1477,34,1,0
508,43,957312,9,862,39,0,0
509,33,847734,2,2167,67,1,0
510,68,576359,5,1755,62,0,0
511,54,579723,9,1224,24,0,0
512,39,1203989,8,1613,3,0,0
513,46,1292917,2,836,71,1,0
514,31,746716,3,897,67,0,0
515,45,816938,3,1119,50,1,0
516,22,900028,4,1384,29,0,0
517,64,837007,2,1584,32,1,0
518,66,381425,6,1587,39,0,0
519,47,906967,2,708,9,0,0
520,63,278027,6,1451,14,0,0
521,69,616828,5,1009,68,0,0
522,22,926356,6,100,64,0,0
523,29,949998,4,3345,20,0,0
524,33,597481,3,1020,28,0,0
525,43,685390,3,1054,14,0,0
526,43,651540,2,692,44,0,0
527,65,774288,7,865,39,0,0
528,38,793301,3,1386,28,0,0
529,56,967117,7,2311,64,0,0
530,53,670775,3,1383,32,0,0
531,50,893349,4,1305,9,0,0
532,47,926753,4,2220,28,1,0
533,54,849572,6,1185,17,1,0
534,40,735098,4,1512,55,0,0
535,27,845161,2,947,10,0,0
536,22,987935,5,2511,6,0,0
537,53,1009796,5,2129,48,0,0
538,51,1253843,4,1408,67,0,0
539,69,552493,6,1260,41,0,0
540,48,689998,5,1480,60,0,0
541,27,396632,2,1416,42,0,1
542,36,1032752,4,571,71,0,1
543,49,716373,4,2149,28,0,0
544,18,851547,6,1363,13,0,0
545,22,648915,6,2639,15,0,0
546,62,718324,6,1753,36,0,0
547,21,1105797,5,100,15,1,0
548,33,973558,6,731,56,1,0
549,41,772119,4,212,4,0,0
550,33,991953,8,723,52,0,0
551,19,997475,6,519,10,0,0
552,66,702143,2,1651,45,0,0
553,45,432730,5,1310,29,0,0
554,49,575209,5,1944,53,0,0
555,44,464867,9,1477,29,0,0
556,37,1091108,7,1355,23,0,0
557,41,1134528,3,2701,57,1,0
558,29,1196593,9,1633,50,1,0
559,67,295111,6,1451,21,0,0
560,52,1067850,3,987,43,0,0
561,50,1353047,8,794,10,0,0
562,50,1077996,4,1962,30,1,0
563,68,262192,7,1926,51,1,0
564,60,1242074,10,2442,33,1,0
565,54,810422,6,1787,18,0,0
566,29,741900,6,1264,22,1,0
567,20,912773,3,1806,64,0,0
568,18,537748,4,1451,21,1,1
569,50,800695,2,2019,1,1,0
570,57,1205107,6,2300,15,0,0
571,27,955599,6,1398,36,0,0
572,60,814600,5,2554,47,1,0
573,61,822402,5,2213,54,0,0
574,46,504651,5,1510,32,0,0
575,30,762503,5,1902,58,0,0
576,29,391426,5,1683,46,0,0
577,48,1055610,2,1513,54,0,0
578,63,253572,3,2647,33,0,0
579,19,1013725,1,1810,39,0,0
580,68,1044852,3,995,23,0,0
581,67,1129691,3,883,43,0,0
582,52,821714,5,907,55,0,0
583,40,1029157,6,1793,2,0,0
584,34,760063,5,1295,66,0,0
585,43,503325,4,1699,38,0,0
586,25,1182683,5,2061,29,1,0
587,46,775778,6,2717,67,0,0
588,43,447622,3,1308,71,1,0
589,27,683296,1,654,36,0,0
590,43,693168,3,2575,29,1,1
591,51,915424,5,625,37,0,1
592,68,1386761,5,602,45,0,0
593,58,930604,4,2559,16,0,0
594,24,851710,3,2139,31,0,0
595,21,1413944,5,1790,34,0,0
596,67,1044723,4,1470,50,0,0
597,62,863562,5,1356,65,0,0
598,28,680147,9,1109,62,1,0
599,46,879050,3,1330,43,0,0
600,53,783402,6,1471,56,0,0
601,42,822858,3,675,15,0,0
602,38,1128600,8,1007,48,0,0
603,53,664919,5,232,49,1,0
604,27,928385,5,1546,44,1,0
605,54,1037234,3,1546,10,1,0
606,26,634471,5,2567,20,1,0
607,41,594344,2,1725,70,0,0
608,52,762414,4,1166,8,0,0
609,66,684592,8,1379,45,0,0
610,52,1088083,4,1792,34,1,0
611,65,549557,6,1636,51,1,0
612,53,817117,8,1846,4,0,0
613,35,1436512,2,1726,39,0,0
614,66,903264,3,1348,24,1,0
615,56,944822,7,1178,55,0,0
616,49,1090170,4,1146,26,1,0
617,41,684262,8,944,25,0,0
618,40,529645,4,850,36,0,0
619,49,844127,4,2603,71,0,0
620,54,866350,4,1574,58,0,0
621,29,395447,6,1406,12,0,0
622,66,893767,7,1202,1,0,0
623,30,1067462,2,1757,50,1,0
624,40,571762,5,2222,25,0,0
625,42,908888,5,1933,5,1,0
626,52,1023065,5,2052,68,0,0
627,58,946669,4,1148,6,1,0
628,47,970251,6,1497,26,0,0
629,34,738799,4,1155,55,0,0
630,66,518123,5,1564,39,0,0
631,37,688213,4,2263,9,0,0
632,65,653485,3,1763,45,1,0
633,42,779935,3,2476,14,0,0
634,39,1073317,4,1326,55,0,0
635,30,472039,3,1015,9,1,0
636,36,836062,7,1807,15,0,0
637,66,534149,7,1571,37,1,0
638,53,614988,6,1693,50,0,0
639,29,939685,5,1603,21,1,0
640,58,502513,4,1209,57,0,0
641,36,983561,4,1617,19,1,0
642,29,461958,7,2084,58,0,0
643,26,966745,6,2145,6,0,0
644,24,412617,3,1206,4,0,0
645,45,645546,4,1638,43,0,0
646,31,1274123,4,2386,42,0,0
647,48,1227136,4,1219,3,0,0
648,69,696868,7,1110,1,0,0
649,36,897490,6,1976,55,1,0
650,64,1101017,7,1871,15,0,0
651,33,970324,3,997,47,1,0
652,22,731633,5,660,46,0,0
653,52,612841,5,1626,58,0,0
654,29,1017025,4,1248,71,1,0
655,42,1082675,5,489,39,1,0
656,69,1228925,2,1087,3,0,0
657,38,378187,6,1861,30,0,0
658,53,486718,2,1409,35,0,0
659,40,1090480,3,2439,57,0,0
660,33,412117,3,247,29,0,0
661,56,1109637,5,2302,50,0,0
662,62,746266,0,1293,62,0,0
663,59,669771,9,1206,52,0,0
664,56,851357,4,569,14,1,0
665,31,463657,2,1779,35,1,0
666,48,1006003,5,403,28,0,0
667,22,1222409,3,1990,58,0,0
668,52,1017644,2,591,30,0,0
669,40,738372,5,686,7,1,0
670,46,415491,5,785,39,0,0
671,60,425103,3,1070,69,0,0
672,28,467589,4,2065,35,0,0
673,35,796930,2,2402,52,0,0
674,64,828350,9,1132,14,0,0
675,29,1017110,13,1472,63,1,0
676,26,350992,4,1793,36,0,0
677,27,1127802,3,1302,24,0,0
678,61,973601,9,1770,40,0,0
679,34,718290,2,1497,29,0,0
680,55,502559,4,1347,53,0,0
681,24,1112285,7,648,22,0,0
682,63,724976,3,1589,15,0,0
683,30,794995,4,2075,69,1,0
684,57,895902,7,1033,64,1,0
685,59,571700,3,319,4,0,0
686,26,729454,8,1308,18,1,0
687,67,1016329,6,2405,42,1,0
688,44,991024,6,2227,30,0,0
689,19,993276,8,1151,15,0,0
690,22,511205,3,1773,70,0,0
691,46,740854,6,1868,55,0,0
692,54,700901,5,2394,53,1,0
693,55,906294,8,569,16,0,0
694,36,883914,10,858,34,0,0
695,25,838856,2,294,27,0,0
696,65,1416433,4,1092,13,0,0
697,62,727298,6,2139,27,0,0
698,18,698044,4,1164,69,0,0
699,39,510812,6,715,31,0,0
700,69,415538,4,1635,3,1,0
701,34,494920,7,1651,30,1,0
702,24,620329,5,889,21,1,0
703,42,1127518,1,1196,6,1,0
704,62,809790,4,1590,32,1,0
705,21,848332,12,1947,42,0,0
706,53,775931,10,1110,62,0,0
707,23,891325,4,1024,32,0,0
708,48,1150518,3,2647,39,0,0
709,36,301517,6,1335,64,0,0
710,61,1104584,6,1649,30,1,0
711,56,171240,5,1889,63,0,0
712,44,807050,2,427,31,0,1
713,27,1347976,9,1488,40,0,0
714,43,970164,6,512,33,0,0
715,36,893264,4,1421,63,1,0
716,56,1300486,6,2323,25,0,0
717,20,624234,8,900,36,0,0
718,62,908491,2,500,24,0,0
719,30,944529,2,2632,58,1,0
720,67,669399,6,811,39,0,0
721,45,691472,6,600,46,0,0
722,37,664055,4,2471,10,1,0
723,45,821828,9,788,32,0,0
724,25,936672,3,2486,36,0,0
725,58,830807,5,1664,28,0,0
726,56,977365,8,2270,16,1,0
727,18,307713,5,1611,16,0,0
728,20,745437,5,2147,18,0,0
729,30,544145,7,948,8,0,0
730,45,875430,4,1131,70,0,0
731,66,871729,6,230,1,0,0
732,42,771094,5,2083,62,0,0
733,50,927569,6,1751,38,0,0
734,55,1049453,5,895,45,0,0
735,23,784869,5,450,58,0,0
736,61,537076,4,1669,1,0,0
737,62,404685,4,2505,32,0,0
738,49,809027,5,1417,8,0,0
739,62,860466,3,1104,40,0,0
740,64,557619,5,937,56,1,0
741,38,981441,7,2249,63,0,0
742,33,685260,3,1032,36,0,0
743,38,385891,0,1277,57,0,0
744,28,1114109,5,2125,45,0,0
745,54,1085996,4,1882,2,1,0
746,53,296100,1,1300,68,0,0
747,52,659349,5,1080,50,0,0
748,36,649604,5,2379,29,0,0
749,37,1209872,3,830,10,0,0
750,35,775176,1,1373,27,0,0
751,64,426030,5,596,15,0,0
752,58,1020526,11,2213,60,1,0
753,66,492306,5,1215,31,1,0
754,31,734914,5,1080,21,0,0
755,32,607557,7,1896,60,0,0
756,48,659886,4,644,58,1,0
757,18,1034314,1,1881,41,0,0
758,20,1180332,5,1283,46,0,0
759,33,481407,7,776,45,1,1
760,40,956519,3,905,26,0,0
761,28,616811,3,1089,51,0,0
762,29,624582,9,1233,36,0,0
763,27,922659,1,780,52,0,0
764,49,543024,6,1676,51,1,0
765,33,917650,6,765,3,0,0
766,25,982528,5,100,14,1,0
767,55,691866,4,2651,49,0,0
768,29,1131769,7,1618,1,0,0
769,41,481793,7,2705,57,0,0
770,45,1136351,6,873,17,0,0
771,25,314003,5,1787,50,0,0
772,45,1474928,3,2036,14,0,0
773,53,698449,5,1386,59,1,0
774,43,509423,3,633,3,1,0
775,25,741832,1,1341,40,0,0
776,67,538380,2,1875,66,0,0
777,45,896741,6,1852,34,1,0
778,45,1141914,4,1499,9,0,0
779,54,551635,9,2038,21,0,0
780,58,944849,4,2010,25,1,0
781,53,416816,6,1185,44,0,0
782,44,1058238,8,587,25,0,0
783,34,904059,5,1614,9,0,0
784,26,1069045,3,1052,62,0,0
785,50,769413,4,1586,26,0,0
786,37,691210,3,2307,57,0,0
787,30,1004029,6,1762,37,1,0
788,45,472987,6,2277,16,0,0
789,65,364293,9,893,37,0,0
790,46,798759,5,2152,24,0,0
791,30,702600,5,2505,26,1,0
792,63,938458,3,1538,20,1,0
793,52,1072887,8,2893,9,1,0
794,23,933253,6,985,29,0,0
795,35,1052975,5,1116,31,1,0
796,68,880263,1,1889,19,0,0
797,22,923648,3,1532,20,0,0
798,64,770835,2,1054,27,0,0
799,42,916261,7,1871,44,0,0
800,19,841663,2,1713,35,1,0
801,27,881294,2,1148,71,0,0
802,47,758318,8,1613,22,0,0
803,67,1002232,3,1955,15,0,0
804,62,622386,6,1134,13,0,0
805,22,795412,6,1810,4,0,0
806,50,1127945,2,979,56,0,0
807,18,562819,5,1095,23,0,0
808,35,259538,2,2166,34,0,0
809,49,891614,2,1868,17,1,0
810,64,735761,5,367,28,1,0
811,66,1052715,4,1275,14,1,0
812,28,767371,3,1793,34,1,0
813,38,648915,5,1583,57,0,0
814,43,781045,8,1870,55,1,0
815,42,1073267,7,1569,66,0,0
816,39,943842,5,1420,37,1,0
817,44,191524,6,1402,68,0,0
818,66,846441,3,2154,26,1,0
819,30,858940,5,1916,61,0,0
820,50,795437,8,1742,67,0,0
821,51,647277,5,1553,52,0,0
822,58,1098632,6,1170,18,0,0
823,52,1111008,5,1315,53,1,0
824,18,249209,5,2138,63,0,0
825,38,600510,7,2082,53,0,0
826,65,763817,5,1110,27,1,0
827,23,1037127,4,1559,31,0,0
828,45,808713,7,1799,1,0,0
829,34,629101,6,1759,6,0,0
830,22,977383,9,1755,11,0,0
831,48,747165,4,832,34,1,0
832,22,770649,1,797,63,1,1
833,55,793210,8,2202,53,1,0
834,20,943577,5,2405,18,0,0
835,40,722862,6,611,21,0,0
836,54,971736,5,1483,19,0,0
837,54,781732,6,1988,4,1,0
838,27,533245,8,177,29,0,0
839,27,790805,2,855,25,0,0
840,36,546196,4,1444,56,0,0
841,34,810246,1,1141,63,0,0
842,38,1007368,6,1625,27,1,0
843,31,531592,8,2382,60,0,0
844,26,891068,7,988,49,0,0
845,63,592740,6,1530,65,0,0
846,18,850425,4,1293,38,1,0
847,68,1015051,3,1581,52,0,0
848,62,267621,6,1503,1,0,0
849,30,521381,6,3082,40,0,0
850,21,707755,3,2393,21,0,0
851,18,878760,1,551,15,1,0
852,66,758404,8,959,50,0,0
853,57,788529,2,1033,48,1,0
854,49,1310746,5,759,32,0,0
855,51,496885,4,678,49,1,0
856,45,1083871,6,1392,68,1,0
857,48,712505,4,1056,45,0,0
858,25,937368,5,965,32,0,0
859,56,1332236,5,2712,4,0,0
860,43,972169,6,1097,65,0,0
861,51,893123,3,1234,71,0,0
862,20,1199780,5,1944,65,0,0
863,67,1081199,5,1232,18,1,0
864,29,600151,4,800,54,0,0
865,18,873631,4,1345,47,1,0
866,61,370626,4,2705,6,0,0
867,22,664961,4,1211,66,0,0
868,47,878513,6,952,9,1,0
869,47,649473,6,1752,68,0,0
870,34,868341,6,1316,23,0,0
871,65,796653,7,3143,43,1,0
872,64,934104,5,1027,51,1,0
873,40,693950,8,2540,25,0,0
874,32,564962,4,2198,35,0,1
875,54,1169531,5,1271,17,0,0
876,38,676075,1,1497,18,0,0
877,31,965002,7,882,27,0,0
878,19,1158811,5,1176,15,0,0
879,28,840667,9,1266,69,0,0
880,68,585923,5,1594,15,1,0
881,56,755347,8,652,42,1,0
882,55,1054385,9,1686,34,0,0
883,51,851561,5,1412,48,0,0
884,55,498714,9,1738,8,0,0
885,67,949160,5,1828,10,0,0
886,51,992382,6,1364,5,0,0
887,35,711172,3,1792,48,0,0
888,47,952561,5,1447,26,0,0
889,32,861254,5,1946,23,1,0
890,44,750642,8,1689,62,1,0
891,68,476616,7,1608,13,1,0
892,51,1069488,8,1438,9,0,0
893,69,989802,12,2277,20,0,0
894,55,945971,2,1743,57,0,0
895,50,1186131,6,707,24,1,0
896,41,1036298,4,1216,33,0,0
897,32,971641,7,1362,20,0,1
898,47,246693,4,1499,60,0,0
899,59,1099223,4,1606,48,0,0
900,68,820770,3,933,64,0,0
901,34,878122,6,1459,30,0,0
902,22,879833,6,1311,17,0,0
903,46,993458,4,2150,14,0,0
904,21,1080543,7,902,19,0,0
905,27,958560,6,1489,71,0,0
906,34,918821,6,1088,59,1,0
907,27,857878,6,2617,67,0,0
908,34,150000,2,2253,44,0,0
909,37,728102,4,514,32,0,0
910,41,564602,2,1022,11,1,0
911,22,1102684,4,2022,2,0,0
912,51,954759,4,1774,68,0,0
913,23,685465,3,1755,17,0,0
914,19,710570,5,1614,40,0,0
915,30,701504,6,2070,46,0,0
916,60,697043,4,1968,4,0,0
917,60,438860,4,1325,38,1,0
918,65,384680,2,780,63,1,0
919,28,807261,9,485,29,1,0
920,68,1068828,9,1437,19,0,0
921,64,665577,8,396,29,1,0
922,40,875861,6,1650,35,0,0
923,33,983565,8,1315,70,0,0
924,48,551655,4,2666,23,1,0
925,28,795006,7,1705,46,0,0
926,33,633369,6,1482,44,0,0
927,25,1201529,6,530,48,0,0
928,21,1190614,7,742,52,0,0
929,57,551914,2,1908,8,1,1
930,21,896471,7,1312,55,0,0
931,42,1066899,6,3021,66,0,0
932,20,1012082,6,1450,40,0,0
933,49,820390,6,1601,31,1,0
934,20,1126639,5,709,48,0,0
935,44,573871,7,2068,61,0,0
936,46,724226,5,944,52,1,0
937,49,580589,9,1814,38,0,0
938,67,995623,6,1987,36,0,0
939,68,654340,5,1557,55,1,0
940,36,757187,3,2554,13,0,0
941,38,954417,10,1133,37,1,0
942,22,974562,3,2505,47,0,0
943,35,573218,4,737,71,1,0
944,45,1064163,4,1979,22,1,0
945,59,913922,5,1414,39,0,0
946,39,529574,8,1075,58,0,0
947,38,468071,2,503,30,1,0
948,23,796045,12,1343,18,0,0
949,18,1012523,4,1305,18,0,0
950,22,1018928,2,1603,39,0,0
951,58,889041,3,1934,26,1,0
952,29,812168,1,1014,71,1,1
953,43,927934,8,2554,7,0,0
954,63,586167,8,1176,69,0,0
955,51,1221746,6,1861,65,1,0
956,66,1218484,3,1554,46,1,0
957,31,907203,5,1380,18,0,0
958,43,849325,5,1524,13,1,0
959,62,697144,5,935,25,1,0
960,44,932187,3,1267,8,0,1
961,26,627170,9,696,32,1,0
962,43,244096,6,1170,17,0,1
963,64,150000,7,1219,48,0,0
964,39,600125,5,2007,63,0,0
965,64,839094,4,1300,40,1,0
966,47,882992,4,1231,15,1,0
967,60,678310,3,1632,6,0,0
968,65,835458,11,1608,63,0,0
969,34,731442,4,1145,8,0,0
970,43,550171,6,1736,32,1,0
971,53,786563,8,1392,45,1,0
972,18,1003239,4,1144,52,0,1
973,25,561484,10,1202,13,0,0
974,66,561598,4,2069,24,0,0
975,52,532687,6,1220,40,0,0
976,69,315870,6,1656,14,0,0
977,32,679949,5,730,70,1,0
978,64,978521,4,2169,62,0,0
979,39,843479,7,1150,61,0,0
980,31,757687,3,1740,1,0,0
981,43,832266,6,1349,66,0,0
982,45,677754,5,1733,32,0,0
983,40,313028,2,1766,13,0,0
984,31,995929,5,1413,33,0,0
985,41,1067781,1,380,32,1,0
986,19,617960,3,2154,56,0,0
987,62,762291,6,1416,24,1,0
988,43,740750,6,1720,4,0,0
989,31,887822,12,1915,23,0,0
990,68,1222473,3,1225,29,0,0
991,24,1089947,4,1810,21,1,0
992,20,705771,3,1051,30,0,0
993,64,935615,4,1732,20,0,0
994,40,1113589,0,1511,16,1,0
995,63,902086,7,1246,67,0,0
996,60,798825,7,1528,49,1,0
997,64,911500,3,866,58,0,0
998,62,624182,4,1685,44,0,0
999,35,660679,6,1747,25,0,0
1000,55,533991,4,1707,23,1,0
1001,52,876766,3,2401,59,0,0
1002,68,767149,4,1443,1,0,0
1003,32,594220,7,1484,15,0,1
1004,42,758955,5,797,52,0,0
1005,54,917499,4,2443,58,1,0
1006,45,1278678,11,601,41,0,0
1007,27,1053016,2,1637,44,0,0
1008,56,228963,4,1131,4,0,0
1009,34,859827,5,1537,68,0,0
1010,56,1157331,4,715,7,0,0
1011,39,465531,4,2034,46,0,0
1012,43,937889,1,926,9,1,0
1013,61,740839,2,2199,33,1,0
1014,42,1087572,9,943,33,0,0
1015,34,901064,6,2085,4,1,0
1016,30,578996,7,1001,65,0,0
1017,37,749787,6,1131,34,0,0
1018,42,764576,4,1498,64,0,0
1019,21,769205,10,991,25,0,0
1020,27,1079815,3,973,55,0,0
1021,20,589345,9,998,9,1,0
1022,58,1050762,0,1691,17,1,0
1023,62,724437,8,1499,21,0,0
1024,35,855877,7,1531,60,0,0
1025,64,818094,1,1305,13,1,0
1026,53,794548,3,1829,3,0,0
1027,64,796599,4,2130,68,0,0
1028,39,1164339,4,1845,4,0,0
1029,51,1010612,5,1374,7,0,0
1030,64,709321,8,767,26,0,0
1031,25,1195696,8,313,24,1,0
1032,57,868670,4,1461,10,1,0
1033,66,889406,1,304,13,0,0
1034,61,590670,7,1380,44,1,0
1035,36,675625,3,2341,39,0,0
1036,59,627874,2,807,19,0,0
1037,58,821518,7,728,51,1,0
1038,54,959695,2,1882,19,0,0
1039,23,891808,8,100,52,0,0
1040,69,1197011,6,1729,47,0,0
1041,43,578060,4,2381,30,1,0
1042,51,828717,6,976,46,1,0
1043,62,479265,5,873,21,1,0
1044,23,569532,3,1854,48,0,0
1045,54,1116144,9,797,62,1,0
1046,50,684208,5,1986,58,0,0
1047,39,599159,5,846,18,1,0
1048,38,267505,6,2561,59,0,0
1049,23,596661,5,1897,48,0,0
1050,23,748679,4,1522,63,0,0
1051,65,460649,3,2526,12,1,0
1052,21,734304,2,2118,34,1,0
1053,47,1117657,6,1721,61,0,0
1054,28,623173,3,382,53,0,0
1055,47,564154,4,1079,25,1,0
1056,48,519024,6,2151,62,0,0
1057,41,514558,4,719,4,1,0
1058,26,933894,7,1040,13,1,0
1059,20,812167,9,886,42,0,0
1060,68,1039214,10,1741,49,0,0
1061,48,1304959,7,2078,56,0,0
1062,57,342402,6,2078,47,0,0
1063,54,895019,5,988,8,0,0
1064,53,520345,4,1733,55,1,0
1065,41,997224,2,960,18,0,0
1066,48,732021,3,1373,35,0,0
1067,23,806830,4,1812,32,0,0
1068,19,479205,10,2136,24,0,0
1069,37,693393,2,210,7,1,0
1070,45,822415,1,1559,13,0,0
1071,28,1139019,4,2344,69,0,0
1072,21,601359,9,1639,42,1,0
1073,32,662327,6,1549,31,0,0
1074,23,1036072,10,1162,26,0,0
1075,66,585164,6,2328,32,0,0
1076,47,1085596,4,1189,52,1,0
1077,55,797728,4,1439,20,0,0
1078,68,875780,9,1217,40,1,0
1079,19,891880,5,1564,59,1,0
1080,32,645944,4,2355,14,0,0
1081,28,897471,2,956,44,0,0
1082,25,606907,5,1567,48,0,0
1083,43,674474,4,1734,43,0,0
1084,68,939672,5,1012,16,1,0
1085,62,873348,2,1464,35,0,0
1086,61,781258,6,2610,53,0,0
1087,22,485317,5,438,34,1,0
1088,23,547710,4,1247,3,0,0
1089,43,869177,4,1650,68,0,0
1090,21,983035,2,1274,5,0,0
1091,36,522588,4,3231,10,0,1
1092,37,590043,6,1829,52,1,0
1093,50,833546,5,873,29,0,0
1094,37,828196,7,100,31,0,0
1095,66,394010,1,1704,66,0,0
1096,29,840390,2,1046,69,0,0
1097,64,650408,5,2273,37,0,0
1098,18,1210261,6,1335,27,0,0
1099,43,862299,8,1158,33,1,0
1100,31,905368,5,1148,68,1,0
1101,55,911839,9,2091,59,0,0
1102,54,496518,1,1749,64,0,0
1103,28,1285969,3,2553,44,0,0
1104,53,394272,5,1370,49,0,0
1105,30,998925,4,2017,53,0,0
1106,60,954665,2,2027,49,0,0
1107,20,680749,4,1904,66,0,0
1108,50,966612,2,1194,63,0,0
1109,23,720606,3,1784,25,1,0
1110,67,631134,9,1441,4,0,0
1111,27,917389,5,1425,51,1,0
1112,22,548359,2,1016,11,0,0
1113,40,743936,6,227,17,0,1
1114,27,651455,6,2249,66,1,0
1115,61,716005,6,1758,70,0,0
1116,19,908182,4,694,69,1,0
1117,30,651408,8,1930,29,0,0
1118,57,751919,5,2260,20,0,0
1119,19,674213,8,1966,27,0,1
1120,37,1160999,9,965,8,0,0
1121,18,885653,5,1060,61,1,0
1122,54,855017,6,1171,28,1,0
1123,26,970854,6,2016,70,1,0
1124,34,651466,6,1787,3,0,0
1125,26,1014814,6,3174,69,0,0
1126,28,886544,2,515,7,0,0
1127,32,409777,2,1468,60,0,0
1128,41,442992,6,343,4,1,0
1129,55,656925,8,1857,5,0,0
1130,52,469748,6,2140,11,0,0
1131,47,740430,8,2365,15,0,0
1132,48,546565,5,1613,64,1,0
1133,66,775569,6,352,13,1,0
1134,22,1152927,8,1469,7,0,0
1135,61,787655,2,1762,6,0,0
1136,67,724258,8,896,56,0,0
1137,31,897060,2,1341,64,0,0
1138,28,625895,8,733,50,1,0
1139,26,1010853,3,1132,30,0,0
1140,51,923803,9,2047,22,0,0
1141,29,809716,7,1908,25,0,0
1142,52,838578,7,662,28,0,0
1143,52,1310436,4,1077,39,1,0
1144,18,1035578,8,1534,67,0,0
1145,57,1349881,3,1635,5,0,0
1146,39,933007,5,1102,65,1,0
1147,46,432077,3,1785,15,0,1
1148,25,734456,4,1478,67,1,0
1149,28,374948,2,100,40,0,0
1150,58,932075,2,1156,69,0,0
1151,54,986351,5,1139,43,0,0
1152,31,578521,9,1906,1,0,0
1153,47,636090,6,1917,22,0,0
1154,52,837187,5,496,62,0,0
1155,38,500473,1,1763,26,0,0
1156,54,481710,6,1455,18,0,0
1157,22,1109658,6,1575,48,0,0
1158,36,828677,3,1131,9,1,0
1159,31,660472,4,1462,1,0,0
1160,43,376970,4,2190,9,0,0
1161,21,1013087,4,1567,23,1,0
1162,42,628870,5,1474,45,0,0
1163,62,1265171,7,1212,2,0,0
1164,59,1014827,7,2131,14,0,0
1165,42,597964,5,731,38,0,0
1166,35,621132,13,1018,40,0,0
1167,57,1230462,8,697,63,1,0
1168,25,778935,2,1620,16,1,0
1169,56,671672,3,2207,6,0,0
1170,57,806930,5,1302,3,0,0
1171,31,670521,9,858,14,0,0
1172,49,860262,7,2481,66,1,0
1173,68,781044,6,1770,67,0,0
1174,55,1018876,7,1666,31,0,0
1175,50,702856,5,1385,33,0,0
1176,40,578795,6,1901,1,0,0
1177,32,712753,4,1657,44,0,0
1178,50,711229,3,1211,15,0,0
1179,42,780616,7,1311,37,1,0
1180,34,958635,6,888,27,0,0
1181,50,944977,4,813,48,0,0
1182,64,1099914,5,1322,27,1,0
1183,19,597127,5,2192,12,0,0
1184,31,897180,3,879,67,0,0
1185,57,981829,2,2001,30,0,0
1186,57,631444,1,1020,66,0,0
1187,68,748092,3,428,7,0,0
1188,56,362505,2,1827,34,1,0
1189,68,1026714,6,2477,32,1,0
1190,23,746125,4,986,39,0,0
1191,23,1001641,4,558,43,0,0
1192,20,851512,7,1772,43,0,0
1193,24,753708,4,946,3,0,0
1194,68,401799,3,1821,46,0,0
1195,25,446261,4,2190,32,0,1
1196,59,151713,4,1698,43,0,0
1197,69,659346,5,1985,3,0,1
1198,32,1369562,6,1989,63,0,0
1199,64,478013,3,2093,40,0,0
1200,46,150000,4,1527,18,0,0
